field,Control_1,Control_2,Treatment_1,Pool_1
sample_name,Control_1,Control_2,Treatment_1,Pool_1
filtered_path,/gpfs/data/sequence/results/giannarellilab/2026-03-12/cellranger/count-Library-1/outs/filtered_feature_bc_matrix,/gpfs/data/sequence/results/giannarellilab/2026-03-12/cellranger/count-Library-2/outs/filtered_feature_bc_matrix,/gpfs/data/sequence/results/giannarellilab/2026-03-12/cellranger/count-Library-3/outs/filtered_feature_bc_matrix,/path/to/count-Pool-1/outs/filtered_feature_bc_matrix
raw_path,/gpfs/data/sequence/results/giannarellilab/2026-03-12/cellranger/count-Library-1/outs/raw_feature_bc_matrix,/gpfs/data/sequence/results/giannarellilab/2026-03-12/cellranger/count-Library-2/outs/raw_feature_bc_matrix,/gpfs/data/sequence/results/giannarellilab/2026-03-12/cellranger/count-Library-3/outs/raw_feature_bc_matrix,/path/to/count-Pool-1/outs/raw_feature_bc_matrix
batch,A,B,A,A
min_nCount_RNA,NA,NA,500,NA
max_nCount_RNA,NA,NA,25000,NA
min_nFeature_RNA,NA,NA,250,NA
max_nFeature_RNA,NA,NA,6000,NA
max_percent_mt,NA,NA,20,NA
max_percent_rbc,NA,NA,NA,NA
min_malat1,1,1,1,1
use_hashtag,FALSE,FALSE,FALSE,TRUE
use_adt,FALSE,FALSE,FALSE,TRUE
feature_reference_path,,,,/path/to/feature_reference.csv
hto_path,,,,
adt_path,,,,
raw_adt_path,,,,/path/to/count-Pool-1/outs/raw_feature_bc_matrix
hto_features,,,,Hashtag1;Hashtag2;Hashtag3
min_nCount_ADT,NA,NA,NA,NA
max_nCount_ADT,NA,NA,NA,NA
dsb_background_rna_max,NA,NA,NA,NA
dsb_background_prot_min,NA,NA,NA,NA
dsb_background_prot_max,NA,NA,NA,NA